,date,minute,label,high,low,open,close,average,volume,notional,numberOfTrades,symbol
0,2021-12-21,09:30,09:30 AM,151.2,150.8,151.13,151.2,150.917,144,21732.03,4,A
1,2021-12-21,09:31,09:31 AM,151.43,151.43,151.43,151.43,151.43,2,302.86,1,A
2,2021-12-21,09:32,09:32 AM,151.25,151.15,151.25,151.22,151.22,181,27370.76,6,A
3,2021-12-21,09:33,09:33 AM,151.53,151.345,151.345,151.53,151.455,168,25444.46,2,A
4,2021-12-21,09:34,09:34 AM,151.375,151.29,151.375,151.29,151.354,134,20281.43,3,A
5,2021-12-21,09:35,09:35 AM,151.29,151.19,151.26,151.29,151.213,97,14667.7,6,A
6,2021-12-21,09:36,09:36 AM,,,,,,0,0.0,0,A
7,2021-12-21,09:37,09:37 AM,151.5,151.5,151.5,151.5,151.5,13,1969.5,1,A
8,2021-12-21,09:38,09:38 AM,151.43,151.43,151.43,151.43,151.43,100,15143.0,1,A
9,2021-12-21,09:39,09:39 AM,151.74,151.41,151.41,151.74,151.542,119,18033.565,6,A
10,2021-12-21,09:40,09:40 AM,,,,,,0,0.0,0,A
11,2021-12-21,09:41,09:41 AM,151.74,151.65,151.65,151.74,151.673,31,4701.87,2,A
12,2021-12-21,09:42,09:42 AM,151.75,151.5,151.75,151.5,151.571,35,5305.0,4,A
13,2021-12-21,09:43,09:43 AM,,,,,,0,0.0,0,A
14,2021-12-21,09:44,09:44 AM,,,,,,0,0.0,0,A
15,2021-12-21,09:45,09:45 AM,,,,,,0,0.0,0,A
16,2021-12-21,09:46,09:46 AM,151.305,151.305,151.305,151.305,151.305,93,14071.365,1,A
17,2021-12-21,09:47,09:47 AM,,,,,,0,0.0,0,A
18,2021-12-21,09:48,09:48 AM,152.0,152.0,152.0,152.0,152.0,1,152.0,1,A
19,2021-12-21,09:49,09:49 AM,151.55,151.55,151.55,151.55,151.55,50,7577.5,3,A
20,2021-12-21,09:50,09:50 AM,151.32,151.32,151.32,151.32,151.32,17,2572.44,2,A
21,2021-12-21,09:51,09:51 AM,151.49,151.49,151.49,151.49,151.49,218,33024.82,4,A
22,2021-12-21,09:52,09:52 AM,151.695,151.67,151.695,151.67,151.678,30,4550.35,2,A
23,2021-12-21,09:53,09:53 AM,151.86,151.855,151.86,151.855,151.855,22,3340.82,2,A
24,2021-12-21,09:54,09:54 AM,151.945,151.89,151.89,151.945,151.945,142,21576.135,5,A
25,2021-12-21,09:55,09:55 AM,152.005,151.9,151.925,151.92,151.925,163,24763.75,9,A
26,2021-12-21,09:56,09:56 AM,151.92,151.8,151.8,151.92,151.909,11,1671.0,2,A
27,2021-12-21,09:57,09:57 AM,152.125,152.03,152.05,152.11,152.087,116,17642.09,6,A
28,2021-12-21,09:58,09:58 AM,151.9,151.9,151.9,151.9,151.9,25,3797.5,1,A
29,2021-12-21,09:59,09:59 AM,151.975,151.89,151.91,151.975,151.906,167,25368.395,4,A
30,2021-12-21,10:00,10 AM,152.06,151.9,151.98,151.99,151.939,333,50595.6,14,A
31,2021-12-21,10:01,10:01 AM,152.16,152.03,152.05,152.03,152.094,95,14448.96,6,A
32,2021-12-21,10:02,10:02 AM,152.035,151.975,152.035,152.02,151.994,179,27207.02,6,A
33,2021-12-21,10:03,10:03 AM,151.905,151.79,151.905,151.79,151.8,146,22162.75,6,A
34,2021-12-21,10:04,10:04 AM,151.92,151.75,151.75,151.92,151.87,98,14883.25,6,A
35,2021-12-21,10:05,10:05 AM,151.96,151.96,151.96,151.96,151.96,20,3039.2,1,A
36,2021-12-21,10:06,10:06 AM,152.315,152.145,152.2,152.315,152.284,325,49492.2,15,A
37,2021-12-21,10:07,10:07 AM,152.315,152.245,152.245,152.315,152.261,50,7613.05,6,A
38,2021-12-21,10:08,10:08 AM,152.22,152.17,152.22,152.17,152.213,132,20092.1,4,A
39,2021-12-21,10:09,10:09 AM,152.295,152.18,152.18,152.295,152.256,21,3197.38,3,A
40,2021-12-21,10:10,10:10 AM,152.55,152.335,152.335,152.55,152.399,57,8686.75,3,A
41,2021-12-21,10:11,10:11 AM,152.415,152.29,152.415,152.34,152.325,143,21782.42,5,A
42,2021-12-21,10:12,10:12 AM,,,,,,0,0.0,0,A
43,2021-12-21,10:13,10:13 AM,152.37,152.32,152.365,152.37,152.361,85,12950.7,6,A
44,2021-12-21,10:14,10:14 AM,,,,,,0,0.0,0,A
45,2021-12-21,10:15,10:15 AM,152.55,152.55,152.55,152.55,152.55,30,4576.5,2,A
46,2021-12-21,10:16,10:16 AM,152.6,152.46,152.495,152.6,152.58,176,26854.08,6,A
47,2021-12-21,10:17,10:17 AM,152.69,152.605,152.66,152.605,152.642,116,17706.51,5,A
48,2021-12-21,10:18,10:18 AM,152.62,152.62,152.62,152.62,152.62,2,305.24,1,A
49,2021-12-21,10:19,10:19 AM,,,,,,0,0.0,0,A
50,2021-12-21,10:20,10:20 AM,152.78,152.68,152.78,152.7,152.764,47,7179.92,6,A
51,2021-12-21,10:21,10:21 AM,,,,,,0,0.0,0,A
52,2021-12-21,10:22,10:22 AM,152.68,152.58,152.68,152.58,152.589,11,1678.48,2,A
53,2021-12-21,10:23,10:23 AM,152.595,152.44,152.595,152.44,152.581,110,16783.9,2,A
54,2021-12-21,10:24,10:24 AM,152.395,152.395,152.395,152.395,152.395,10,1523.95,1,A
55,2021-12-21,10:25,10:25 AM,152.29,152.14,152.22,152.29,152.146,105,15975.31,3,A
56,2021-12-21,10:26,10:26 AM,152.16,151.72,152.16,151.94,151.946,72,10940.15,6,A
57,2021-12-21,10:27,10:27 AM,152.14,152.015,152.055,152.015,152.067,99,15054.69,4,A
58,2021-12-21,10:28,10:28 AM,152.14,152.13,152.14,152.13,152.131,110,16734.4,2,A
59,2021-12-21,10:29,10:29 AM,,,,,,0,0.0,0,A
60,2021-12-21,10:30,10:30 AM,152.13,152.125,152.13,152.125,152.13,110,16734.25,5,A
61,2021-12-21,10:31,10:31 AM,152.19,151.98,151.99,152.19,152.024,318,48343.75,6,A
62,2021-12-21,10:32,10:32 AM,152.16,152.04,152.04,152.16,152.13,133,20233.32,3,A
63,2021-12-21,10:33,10:33 AM,151.97,151.84,151.97,151.92,151.924,236,35854.02,5,A
64,2021-12-21,10:34,10:34 AM,151.7,151.7,151.7,151.7,151.7,1,151.7,1,A
65,2021-12-21,10:35,10:35 AM,151.79,151.79,151.79,151.79,151.79,5,758.95,1,A
66,2021-12-21,10:36,10:36 AM,,,,,,0,0.0,0,A
67,2021-12-21,10:37,10:37 AM,151.66,151.41,151.66,151.41,151.535,201,30458.57,3,A
68,2021-12-21,10:38,10:38 AM,151.51,151.51,151.51,151.51,151.51,1,151.51,1,A
69,2021-12-21,10:39,10:39 AM,151.72,151.72,151.72,151.72,151.72,5,758.6,2,A
70,2021-12-21,10:40,10:40 AM,151.8,151.8,151.8,151.8,151.8,30,4554.0,1,A
71,2021-12-21,10:41,10:41 AM,151.825,151.76,151.825,151.76,151.816,1400,212542.0,4,A
72,2021-12-21,10:42,10:42 AM,151.85,151.85,151.85,151.85,151.85,5,759.25,1,A
73,2021-12-21,10:43,10:43 AM,151.92,151.82,151.92,151.9,151.901,1200,182281.5,11,A
74,2021-12-21,10:44,10:44 AM,151.925,151.83,151.925,151.83,151.882,300,45564.5,3,A
75,2021-12-21,10:45,10:45 AM,,,,,,0,0.0,0,A
76,2021-12-21,10:46,10:46 AM,,,,,,0,0.0,0,A
77,2021-12-21,10:47,10:47 AM,151.625,151.55,151.625,151.62,151.609,247,37447.35,3,A
78,2021-12-21,10:48,10:48 AM,151.66,151.55,151.55,151.66,151.636,176,26687.93,4,A
79,2021-12-21,10:49,10:49 AM,151.55,151.55,151.55,151.55,151.55,100,15155.0,1,A
80,2021-12-21,10:50,10:50 AM,151.66,151.58,151.6,151.66,151.607,419,63523.48,8,A
81,2021-12-21,10:51,10:51 AM,151.53,151.53,151.53,151.53,151.53,18,2727.54,1,A
82,2021-12-21,10:52,10:52 AM,151.75,151.75,151.75,151.75,151.75,100,15175.0,1,A
83,2021-12-21,10:53,10:53 AM,151.84,151.64,151.655,151.84,151.739,405,61454.275,5,A
84,2021-12-21,10:54,10:54 AM,,,,,,0,0.0,0,A
85,2021-12-21,10:55,10:55 AM,151.87,151.87,151.87,151.87,151.87,1,151.87,1,A
86,2021-12-21,10:56,10:56 AM,151.89,151.89,151.89,151.89,151.89,45,6835.05,3,A
87,2021-12-21,10:57,10:57 AM,,,,,,0,0.0,0,A
88,2021-12-21,10:58,10:58 AM,152.13,152.01,152.01,152.13,152.081,537,81667.46,7,A
89,2021-12-21,10:59,10:59 AM,152.15,152.08,152.15,152.135,152.122,600,91273.24,8,A
90,2021-12-21,11:00,11 AM,152.14,151.97,152.14,152.06,152.082,410,62353.7,6,A
91,2021-12-21,11:01,11:01 AM,152.125,152.02,152.09,152.125,152.074,315,47903.35,5,A
92,2021-12-21,11:02,11:02 AM,152.135,152.005,152.135,152.05,152.094,530,80610.0,6,A
93,2021-12-21,11:03,11:03 AM,151.98,151.89,151.98,151.945,151.966,308,46805.62,4,A
94,2021-12-21,11:04,11:04 AM,,,,,,0,0.0,0,A
95,2021-12-21,11:05,11:05 AM,152.08,151.835,151.835,151.975,151.981,474,72038.89,12,A
96,2021-12-21,11:06,11:06 AM,152.025,151.96,151.98,151.96,152.009,304,46210.84,4,A
97,2021-12-21,11:07,11:07 AM,152.11,152.11,152.11,152.11,152.11,10,1521.1,1,A
98,2021-12-21,11:08,11:08 AM,,,,,,0,0.0,0,A
99,2021-12-21,11:09,11:09 AM,152.16,152.09,152.15,152.09,152.105,222,33767.42,5,A
100,2021-12-21,11:10,11:10 AM,152.07,151.81,152.07,151.81,152.04,227,34512.97,4,A
101,2021-12-21,11:11,11:11 AM,151.91,151.8,151.8,151.87,151.891,96,14581.58,5,A
102,2021-12-21,11:12,11:12 AM,,,,,,0,0.0,0,A
103,2021-12-21,11:13,11:13 AM,151.865,151.865,151.865,151.865,151.865,100,15186.5,1,A
104,2021-12-21,11:14,11:14 AM,151.75,151.75,151.75,151.75,151.75,100,15175.0,1,A
105,2021-12-21,11:15,11:15 AM,151.71,151.7,151.71,151.7,151.703,150,22755.5,2,A
106,2021-12-21,11:16,11:16 AM,151.735,151.715,151.735,151.73,151.725,210,31862.3,3,A
107,2021-12-21,11:17,11:17 AM,151.73,151.68,151.73,151.68,151.683,213,32308.475,5,A
108,2021-12-21,11:18,11:18 AM,151.52,151.39,151.52,151.42,151.449,233,35287.61,4,A
109,2021-12-21,11:19,11:19 AM,151.51,151.47,151.47,151.51,151.509,111,16817.47,3,A
110,2021-12-21,11:20,11:20 AM,,,,,,0,0.0,0,A
111,2021-12-21,11:21,11:21 AM,151.485,151.485,151.485,151.485,151.485,200,30297.0,2,A
112,2021-12-21,11:22,11:22 AM,151.44,151.44,151.44,151.44,151.44,331,50126.64,4,A
113,2021-12-21,11:23,11:23 AM,151.44,151.44,151.44,151.44,151.44,100,15144.0,1,A
114,2021-12-21,11:24,11:24 AM,151.29,151.29,151.29,151.29,151.29,100,15129.0,1,A
115,2021-12-21,11:25,11:25 AM,151.32,151.18,151.305,151.18,151.305,111,16794.88,3,A
116,2021-12-21,11:26,11:26 AM,151.345,151.225,151.225,151.345,151.325,240,36318.0,4,A
117,2021-12-21,11:27,11:27 AM,151.43,151.345,151.345,151.43,151.384,414,62673.08,7,A
118,2021-12-21,11:28,11:28 AM,151.43,151.39,151.43,151.39,151.41,200,30282.0,2,A
119,2021-12-21,11:29,11:29 AM,151.32,151.32,151.32,151.32,151.32,10,1513.2,1,A
120,2021-12-21,11:30,11:30 AM,151.505,151.44,151.44,151.505,151.483,410,62107.9,5,A
121,2021-12-21,11:31,11:31 AM,151.51,151.51,151.51,151.51,151.51,100,15151.0,1,A
122,2021-12-21,11:32,11:32 AM,151.515,151.49,151.49,151.515,151.512,224,33938.76,3,A
123,2021-12-21,11:33,11:33 AM,151.54,151.41,151.41,151.54,151.466,31,4695.44,5,A
124,2021-12-21,11:34,11:34 AM,151.665,151.665,151.665,151.665,151.665,300,45499.5,3,A
125,2021-12-21,11:35,11:35 AM,151.665,151.58,151.665,151.58,151.609,500,75804.505,7,A
126,2021-12-21,11:36,11:36 AM,151.64,151.55,151.555,151.55,151.622,516,78236.85,9,A
127,2021-12-21,11:37,11:37 AM,151.6,151.6,151.6,151.6,151.6,14,2122.4,1,A
128,2021-12-21,11:38,11:38 AM,151.725,151.66,151.66,151.725,151.719,110,16689.1,2,A
129,2021-12-21,11:39,11:39 AM,151.715,151.715,151.715,151.715,151.715,100,15171.5,1,A
130,2021-12-21,11:40,11:40 AM,151.79,151.73,151.73,151.79,151.77,127,19274.81,3,A
131,2021-12-21,11:41,11:41 AM,151.85,151.78,151.79,151.85,151.799,143,21707.28,4,A
132,2021-12-21,11:42,11:42 AM,152.17,152.065,152.065,152.17,152.115,210,31944.2,3,A
133,2021-12-21,11:43,11:43 AM,152.17,152.09,152.17,152.09,152.129,560,85192.4,7,A
134,2021-12-21,11:44,11:44 AM,152.15,152.05,152.15,152.05,152.053,614,93360.62,8,A
135,2021-12-21,11:45,11:45 AM,,,,,,0,0.0,0,A
136,2021-12-21,11:46,11:46 AM,151.975,151.96,151.96,151.975,151.961,110,16715.75,2,A
137,2021-12-21,11:47,11:47 AM,152.055,151.975,151.975,152.055,152.015,200,30403.0,2,A
138,2021-12-21,11:48,11:48 AM,152.1,152.065,152.065,152.1,152.087,307,46690.7,5,A
139,2021-12-21,11:49,11:49 AM,152.17,152.115,152.17,152.115,152.149,268,40775.82,3,A
140,2021-12-21,11:50,11:50 AM,152.11,152.11,152.11,152.11,152.11,100,15211.0,1,A
141,2021-12-21,11:51,11:51 AM,152.24,152.24,152.24,152.24,152.24,100,15224.0,1,A
142,2021-12-21,11:52,11:52 AM,152.27,152.245,152.27,152.245,152.262,300,45678.5,3,A
143,2021-12-21,11:53,11:53 AM,152.425,152.28,152.36,152.425,152.374,825,125708.5,9,A
144,2021-12-21,11:54,11:54 AM,152.35,152.35,152.35,152.35,152.35,200,30470.0,2,A
145,2021-12-21,11:55,11:55 AM,152.38,152.27,152.27,152.38,152.363,162,24682.9,3,A
146,2021-12-21,11:56,11:56 AM,152.375,152.375,152.375,152.375,152.375,200,30475.0,2,A
147,2021-12-21,11:57,11:57 AM,152.35,152.3,152.35,152.3,152.304,110,16753.5,2,A
148,2021-12-21,11:58,11:58 AM,152.235,152.235,152.235,152.235,152.235,200,30447.0,2,A
149,2021-12-21,11:59,11:59 AM,152.235,152.08,152.235,152.09,152.129,533,81084.64,7,A
150,2021-12-21,12:00,12 PM,152.115,152.05,152.095,152.115,152.107,506,76966.3,6,A
151,2021-12-21,12:01,12:01 PM,152.21,152.11,152.11,152.18,152.149,74,11259.055,9,A
152,2021-12-21,12:02,12:02 PM,152.185,152.185,152.185,152.185,152.185,100,15218.5,1,A
153,2021-12-21,12:03,12:03 PM,152.315,152.22,152.22,152.315,152.284,838,127614.36,10,A
154,2021-12-21,12:04,12:04 PM,152.3,152.29,152.29,152.3,152.295,200,30459.0,2,A
155,2021-12-21,12:05,12:05 PM,152.29,152.29,152.29,152.29,152.29,10,1522.9,1,A
156,2021-12-21,12:06,12:06 PM,152.19,152.19,152.19,152.19,152.19,100,15219.0,2,A
157,2021-12-21,12:07,12:07 PM,152.27,152.235,152.235,152.27,152.263,625,95164.6,8,A
158,2021-12-21,12:08,12:08 PM,152.29,152.18,152.235,152.29,152.275,226,34414.23,4,A
159,2021-12-21,12:09,12:09 PM,152.27,152.14,152.27,152.16,152.182,240,36523.75,6,A
160,2021-12-21,12:10,12:10 PM,152.19,152.08,152.19,152.125,152.128,116,17646.88,3,A
161,2021-12-21,12:11,12:11 PM,152.235,152.23,152.235,152.23,152.232,200,30446.5,2,A
162,2021-12-21,12:12,12:12 PM,152.27,152.24,152.24,152.27,152.257,400,60903.0,4,A
163,2021-12-21,12:13,12:13 PM,152.28,152.245,152.245,152.27,152.25,121,18422.25,4,A
164,2021-12-21,12:14,12:14 PM,,,,,,0,0.0,0,A
165,2021-12-21,12:15,12:15 PM,152.33,152.3,152.315,152.33,152.308,211,32137.03,4,A
166,2021-12-21,12:16,12:16 PM,152.385,152.385,152.385,152.385,152.385,300,45715.5,3,A
167,2021-12-21,12:17,12:17 PM,,,,,,0,0.0,0,A
168,2021-12-21,12:18,12:18 PM,152.415,152.34,152.415,152.365,152.375,301,45864.865,6,A
169,2021-12-21,12:19,12:19 PM,152.425,152.33,152.33,152.425,152.405,127,19355.41,2,A
170,2021-12-21,12:20,12:20 PM,152.46,152.45,152.45,152.46,152.455,200,30491.0,2,A
171,2021-12-21,12:21,12:21 PM,,,,,,0,0.0,0,A
172,2021-12-21,12:22,12:22 PM,152.44,152.44,152.44,152.44,152.44,20,3048.8,1,A
173,2021-12-21,12:23,12:23 PM,152.5,152.45,152.5,152.46,152.469,134,20430.8,3,A
174,2021-12-21,12:24,12:24 PM,152.44,152.44,152.44,152.44,152.44,10,1524.4,1,A
175,2021-12-21,12:25,12:25 PM,152.52,152.52,152.52,152.52,152.52,225,34317.0,3,A
176,2021-12-21,12:26,12:26 PM,152.54,152.54,152.54,152.54,152.54,10,1525.4,1,A
177,2021-12-21,12:27,12:27 PM,152.555,152.445,152.555,152.445,152.459,411,62660.51,5,A
178,2021-12-21,12:28,12:28 PM,,,,,,0,0.0,0,A
179,2021-12-21,12:29,12:29 PM,152.44,152.44,152.44,152.44,152.44,101,15396.44,2,A
180,2021-12-21,12:30,12:30 PM,152.565,152.37,152.38,152.545,152.528,536,81754.82,9,A
181,2021-12-21,12:31,12:31 PM,,,,,,0,0.0,0,A
182,2021-12-21,12:32,12:32 PM,152.56,152.53,152.555,152.56,152.538,320,48812.15,5,A
183,2021-12-21,12:33,12:33 PM,,,,,,0,0.0,0,A
184,2021-12-21,12:34,12:34 PM,,,,,,0,0.0,0,A
185,2021-12-21,12:35,12:35 PM,152.53,152.485,152.52,152.485,152.522,296,45146.47,10,A
186,2021-12-21,12:36,12:36 PM,152.51,152.495,152.495,152.51,152.509,110,16775.95,2,A
187,2021-12-21,12:37,12:37 PM,152.57,152.52,152.57,152.52,152.529,53,8084.06,2,A
188,2021-12-21,12:38,12:38 PM,152.61,152.61,152.61,152.61,152.61,100,15261.0,1,A
189,2021-12-21,12:39,12:39 PM,152.59,152.59,152.59,152.59,152.59,10,1525.9,1,A
190,2021-12-21,12:40,12:40 PM,152.64,152.6,152.6,152.64,152.635,115,17553.0,2,A
191,2021-12-21,12:41,12:41 PM,152.67,152.61,152.61,152.67,152.632,27,4121.07,2,A
192,2021-12-21,12:42,12:42 PM,152.635,152.635,152.635,152.635,152.635,100,15263.5,1,A
193,2021-12-21,12:43,12:43 PM,152.64,152.55,152.64,152.55,152.562,243,37072.53,4,A
194,2021-12-21,12:44,12:44 PM,152.57,152.51,152.51,152.51,152.514,150,22877.1,3,A
195,2021-12-21,12:45,12:45 PM,152.59,152.59,152.59,152.59,152.59,33,5035.47,3,A
196,2021-12-21,12:46,12:46 PM,,,,,,0,0.0,0,A
197,2021-12-21,12:47,12:47 PM,152.64,152.57,152.57,152.64,152.628,245,37393.8,8,A
198,2021-12-21,12:48,12:48 PM,152.72,152.615,152.635,152.72,152.657,600,91594.0,6,A
199,2021-12-21,12:49,12:49 PM,152.705,152.705,152.705,152.705,152.705,10,1527.05,1,A
200,2021-12-21,12:50,12:50 PM,,,,,,0,0.0,0,A
201,2021-12-21,12:51,12:51 PM,152.71,152.71,152.71,152.71,152.71,10,1527.1,1,A
202,2021-12-21,12:52,12:52 PM,152.8,152.77,152.8,152.77,152.78,300,45834.0,4,A
203,2021-12-21,12:53,12:53 PM,152.9,152.74,152.8,152.885,152.827,826,126235.365,15,A
204,2021-12-21,12:54,12:54 PM,152.885,152.755,152.885,152.79,152.866,120,18343.95,3,A
205,2021-12-21,12:55,12:55 PM,152.85,152.83,152.845,152.85,152.844,177,27053.35,3,A
206,2021-12-21,12:56,12:56 PM,152.8,152.8,152.8,152.8,152.8,316,48284.8,4,A
207,2021-12-21,12:57,12:57 PM,152.79,152.79,152.79,152.79,152.79,100,15279.0,1,A
208,2021-12-21,12:58,12:58 PM,152.78,152.72,152.74,152.78,152.758,87,13289.96,4,A
209,2021-12-21,12:59,12:59 PM,152.825,152.76,152.76,152.825,152.798,439,67078.175,5,A
210,2021-12-21,13:00,1 PM,152.835,152.78,152.83,152.8,152.809,533,81447.24,7,A
211,2021-12-21,13:01,1:01 PM,152.905,152.85,152.85,152.87,152.86,201,30724.905,3,A
212,2021-12-21,13:02,1:02 PM,152.85,152.85,152.85,152.85,152.85,100,15285.0,1,A
213,2021-12-21,13:03,1:03 PM,,,,,,0,0.0,0,A
214,2021-12-21,13:04,1:04 PM,152.89,152.89,152.89,152.89,152.89,11,1681.79,2,A
215,2021-12-21,13:05,1:05 PM,152.93,152.9,152.93,152.91,152.912,400,61165.0,4,A
216,2021-12-21,13:06,1:06 PM,,,,,,0,0.0,0,A
217,2021-12-21,13:07,1:07 PM,,,,,,0,0.0,0,A
218,2021-12-21,13:08,1:08 PM,152.93,152.92,152.92,152.93,152.923,309,47253.35,6,A
219,2021-12-21,13:09,1:09 PM,,,,,,0,0.0,0,A
220,2021-12-21,13:10,1:10 PM,152.985,152.97,152.97,152.985,152.98,300,45894.0,4,A
221,2021-12-21,13:11,1:11 PM,152.82,152.8,152.82,152.8,152.82,104,15893.24,4,A
222,2021-12-21,13:12,1:12 PM,,,,,,0,0.0,0,A
223,2021-12-21,13:13,1:13 PM,152.81,152.76,152.81,152.76,152.802,225,34380.5,3,A
224,2021-12-21,13:14,1:14 PM,152.8,152.79,152.79,152.8,152.8,202,30865.59,4,A
225,2021-12-21,13:15,1:15 PM,,,,,,0,0.0,0,A
226,2021-12-21,13:16,1:16 PM,152.87,152.75,152.75,152.87,152.833,237,36221.47,4,A
227,2021-12-21,13:17,1:17 PM,152.87,152.83,152.85,152.87,152.845,118,18035.66,3,A
228,2021-12-21,13:18,1:18 PM,152.9,152.87,152.9,152.87,152.886,55,8408.72,2,A
229,2021-12-21,13:19,1:19 PM,152.84,152.84,152.84,152.84,152.84,183,27969.72,10,A
230,2021-12-21,13:20,1:20 PM,153.05,152.89,152.89,153.005,152.965,589,90096.61,10,A
231,2021-12-21,13:21,1:21 PM,153.02,153.02,153.02,153.02,153.02,100,15302.0,1,A
232,2021-12-21,13:22,1:22 PM,,,,,,0,0.0,0,A
233,2021-12-21,13:23,1:23 PM,153.02,152.95,152.95,153.02,152.996,5,764.98,3,A
234,2021-12-21,13:24,1:24 PM,153.09,153.0,153.005,153.09,153.039,401,61368.59,5,A
235,2021-12-21,13:25,1:25 PM,153.17,153.17,153.17,153.17,153.17,1,153.17,1,A
236,2021-12-21,13:26,1:26 PM,153.15,153.04,153.15,153.04,153.11,401,61397.19,6,A
237,2021-12-21,13:27,1:27 PM,153.15,153.12,153.12,153.15,153.15,201,30783.12,3,A
238,2021-12-21,13:28,1:28 PM,,,,,,0,0.0,0,A
239,2021-12-21,13:29,1:29 PM,,,,,,0,0.0,0,A
240,2021-12-21,13:30,1:30 PM,153.3,153.23,153.23,153.3,153.299,101,15483.23,2,A
241,2021-12-21,13:31,1:31 PM,153.395,153.33,153.33,153.36,153.375,151,23159.6,3,A
242,2021-12-21,13:32,1:32 PM,153.43,153.43,153.43,153.43,153.43,200,30686.0,2,A
243,2021-12-21,13:33,1:33 PM,153.47,153.37,153.47,153.37,153.401,50,7670.07,5,A
244,2021-12-21,13:34,1:34 PM,153.375,153.29,153.375,153.29,153.297,50,7664.84,3,A
245,2021-12-21,13:35,1:35 PM,153.38,153.37,153.37,153.38,153.375,210,32208.75,4,A
246,2021-12-21,13:36,1:36 PM,153.47,153.41,153.45,153.41,153.43,207,31759.96,5,A
247,2021-12-21,13:37,1:37 PM,153.33,153.29,153.33,153.3,153.319,147,22537.95,4,A
248,2021-12-21,13:38,1:38 PM,,,,,,0,0.0,0,A
249,2021-12-21,13:39,1:39 PM,,,,,,0,0.0,0,A
250,2021-12-21,13:40,1:40 PM,153.3,153.3,153.3,153.3,153.3,100,15330.0,1,A
251,2021-12-21,13:41,1:41 PM,153.415,153.41,153.41,153.415,153.414,133,20404.03,2,A
252,2021-12-21,13:42,1:42 PM,153.42,153.42,153.42,153.42,153.42,100,15342.0,1,A
253,2021-12-21,13:43,1:43 PM,,,,,,0,0.0,0,A
254,2021-12-21,13:44,1:44 PM,153.43,153.4,153.4,153.43,153.41,300,46023.0,4,A
255,2021-12-21,13:45,1:45 PM,,,,,,0,0.0,0,A
256,2021-12-21,13:46,1:46 PM,153.445,153.445,153.445,153.445,153.445,41,6291.245,1,A
257,2021-12-21,13:47,1:47 PM,153.5,153.44,153.44,153.5,153.442,103,15804.5,2,A
258,2021-12-21,13:48,1:48 PM,153.5,153.5,153.5,153.5,153.5,97,14889.5,1,A
259,2021-12-21,13:49,1:49 PM,153.58,153.52,153.58,153.52,153.576,108,16586.16,2,A
260,2021-12-21,13:50,1:50 PM,,,,,,0,0.0,0,A
261,2021-12-21,13:51,1:51 PM,,,,,,0,0.0,0,A
262,2021-12-21,13:52,1:52 PM,153.58,153.55,153.58,153.55,153.568,163,25031.65,4,A
263,2021-12-21,13:53,1:53 PM,,,,,,0,0.0,0,A
264,2021-12-21,13:54,1:54 PM,153.525,153.525,153.525,153.525,153.525,100,15352.5,1,A
265,2021-12-21,13:55,1:55 PM,153.47,153.4,153.47,153.4,153.469,101,15500.4,3,A
266,2021-12-21,13:56,1:56 PM,153.385,153.385,153.385,153.385,153.385,10,1533.85,1,A
267,2021-12-21,13:57,1:57 PM,153.42,153.34,153.42,153.34,153.348,10,1533.48,2,A
268,2021-12-21,13:58,1:58 PM,153.33,153.33,153.33,153.33,153.33,35,5366.55,1,A
269,2021-12-21,13:59,1:59 PM,153.18,153.18,153.18,153.18,153.18,100,15318.0,2,A
270,2021-12-21,14:00,2 PM,153.09,153.04,153.09,153.06,153.054,487,74537.43,10,A
271,2021-12-21,14:01,2:01 PM,153.08,153.08,153.08,153.08,153.08,100,15308.0,1,A
272,2021-12-21,14:02,2:02 PM,153.18,153.155,153.155,153.18,153.175,40,6127.02,3,A
273,2021-12-21,14:03,2:03 PM,153.285,153.28,153.28,153.285,153.28,57,8736.975,3,A
274,2021-12-21,14:04,2:04 PM,,,,,,0,0.0,0,A
275,2021-12-21,14:05,2:05 PM,153.525,153.5,153.5,153.525,153.5,102,15657.05,4,A
276,2021-12-21,14:06,2:06 PM,153.435,153.42,153.435,153.42,153.42,102,15648.87,2,A
277,2021-12-21,14:07,2:07 PM,153.495,153.495,153.495,153.495,153.495,2,306.99,1,A
278,2021-12-21,14:08,2:08 PM,153.495,153.475,153.495,153.49,153.495,103,15809.955,4,A
279,2021-12-21,14:09,2:09 PM,153.53,153.5,153.53,153.53,153.505,119,18267.04,5,A
280,2021-12-21,14:10,2:10 PM,,,,,,0,0.0,0,A
281,2021-12-21,14:11,2:11 PM,153.42,153.415,153.42,153.415,153.42,250,38354.99,5,A
282,2021-12-21,14:12,2:12 PM,,,,,,0,0.0,0,A
283,2021-12-21,14:13,2:13 PM,153.35,153.29,153.35,153.29,153.294,41,6285.07,2,A
284,2021-12-21,14:14,2:14 PM,153.38,153.38,153.38,153.38,153.38,5,766.9,2,A
285,2021-12-21,14:15,2:15 PM,153.39,153.39,153.39,153.39,153.39,100,15339.0,1,A
286,2021-12-21,14:16,2:16 PM,,,,,,0,0.0,0,A
287,2021-12-21,14:17,2:17 PM,153.26,153.26,153.26,153.26,153.26,10,1532.6,1,A
288,2021-12-21,14:18,2:18 PM,153.105,153.105,153.105,153.105,153.105,1,153.105,1,A
289,2021-12-21,14:19,2:19 PM,153.14,153.105,153.105,153.14,153.139,103,15773.315,2,A
290,2021-12-21,14:20,2:20 PM,,,,,,0,0.0,0,A
291,2021-12-21,14:21,2:21 PM,153.14,153.09,153.09,153.14,153.1,5,765.5,2,A
292,2021-12-21,14:22,2:22 PM,,,,,,0,0.0,0,A
293,2021-12-21,14:23,2:23 PM,153.13,153.13,153.13,153.13,153.13,2,306.26,1,A
294,2021-12-21,14:24,2:24 PM,153.28,153.28,153.28,153.28,153.28,101,15481.28,2,A
295,2021-12-21,14:25,2:25 PM,153.29,153.28,153.28,153.29,153.286,8,1226.29,2,A
296,2021-12-21,14:26,2:26 PM,,,,,,0,0.0,0,A
297,2021-12-21,14:27,2:27 PM,153.31,153.31,153.31,153.31,153.31,61,9351.91,2,A
298,2021-12-21,14:28,2:28 PM,153.37,153.3,153.36,153.3,153.356,20,3067.11,6,A
299,2021-12-21,14:29,2:29 PM,153.32,153.32,153.32,153.32,153.32,7,1073.24,1,A
300,2021-12-21,14:30,2:30 PM,153.44,153.365,153.365,153.44,153.436,105,16110.825,3,A
301,2021-12-21,14:31,2:31 PM,153.425,153.425,153.425,153.425,153.425,2,306.85,1,A
302,2021-12-21,14:32,2:32 PM,153.55,153.48,153.48,153.55,153.534,17,2610.08,3,A
303,2021-12-21,14:33,2:33 PM,153.55,153.55,153.55,153.55,153.55,3,460.65,2,A
304,2021-12-21,14:34,2:34 PM,153.67,153.64,153.64,153.67,153.664,55,8451.51,4,A
305,2021-12-21,14:35,2:35 PM,153.8,153.785,153.785,153.8,153.8,102,15687.57,2,A
306,2021-12-21,14:36,2:36 PM,153.81,153.76,153.8,153.76,153.804,102,15688.02,3,A
307,2021-12-21,14:37,2:37 PM,153.79,153.745,153.745,153.79,153.78,66,10149.465,2,A
308,2021-12-21,14:38,2:38 PM,153.745,153.67,153.745,153.67,153.695,519,79767.595,8,A
309,2021-12-21,14:39,2:39 PM,153.71,153.67,153.67,153.71,153.696,308,47338.44,4,A
310,2021-12-21,14:40,2:40 PM,153.71,153.67,153.67,153.71,153.709,97,14909.76,3,A
311,2021-12-21,14:41,2:41 PM,153.72,153.67,153.68,153.67,153.688,303,46567.555,6,A
312,2021-12-21,14:42,2:42 PM,153.6,153.52,153.6,153.6,153.579,625,95987.045,10,A
313,2021-12-21,14:43,2:43 PM,,,,,,0,0.0,0,A
314,2021-12-21,14:44,2:44 PM,153.65,153.57,153.65,153.57,153.623,419,64368.23,6,A
315,2021-12-21,14:45,2:45 PM,153.28,153.21,153.21,153.28,153.279,102,15634.42,6,A
316,2021-12-21,14:46,2:46 PM,153.3,153.3,153.3,153.3,153.3,200,30660.0,2,A
317,2021-12-21,14:47,2:47 PM,153.305,153.135,153.135,153.305,153.203,946,144930.385,9,A
318,2021-12-21,14:48,2:48 PM,153.4,153.28,153.37,153.34,153.37,1360,208583.23,10,A
319,2021-12-21,14:49,2:49 PM,153.27,153.21,153.27,153.26,153.261,414,63450.06,4,A
320,2021-12-21,14:50,2:50 PM,153.4,153.26,153.26,153.4,153.294,503,77107.08,6,A
321,2021-12-21,14:51,2:51 PM,153.57,153.49,153.53,153.49,153.494,112,17191.39,6,A
322,2021-12-21,14:52,2:52 PM,153.585,153.585,153.585,153.585,153.585,2,307.17,1,A
323,2021-12-21,14:53,2:53 PM,153.645,153.645,153.645,153.645,153.645,4,614.58,2,A
324,2021-12-21,14:54,2:54 PM,153.68,153.67,153.68,153.67,153.671,108,16596.42,3,A
325,2021-12-21,14:55,2:55 PM,153.74,153.74,153.74,153.74,153.74,3,461.22,2,A
326,2021-12-21,14:56,2:56 PM,154.0,153.755,153.755,154.0,153.993,210,32338.43,4,A
327,2021-12-21,14:57,2:57 PM,153.82,153.82,153.82,153.82,153.82,2,307.64,1,A
328,2021-12-21,14:58,2:58 PM,153.91,153.83,153.83,153.91,153.907,106,16314.1,3,A
329,2021-12-21,14:59,2:59 PM,153.85,153.8,153.85,153.8,153.85,403,62001.43,4,A
330,2021-12-21,15:00,3 PM,153.88,153.77,153.77,153.78,153.807,468,71981.9,10,A
331,2021-12-21,15:01,3:01 PM,,,,,,0,0.0,0,A
332,2021-12-21,15:02,3:02 PM,153.87,153.84,153.86,153.84,153.87,168,25850.11,6,A
333,2021-12-21,15:03,3:03 PM,,,,,,0,0.0,0,A
334,2021-12-21,15:04,3:04 PM,153.73,153.72,153.72,153.73,153.73,100,15372.99,2,A
335,2021-12-21,15:05,3:05 PM,153.7,153.68,153.68,153.7,153.7,102,15677.36,2,A
336,2021-12-21,15:06,3:06 PM,153.74,153.64,153.74,153.64,153.727,115,17678.6,2,A
337,2021-12-21,15:07,3:07 PM,153.69,153.63,153.65,153.685,153.674,304,46717.02,5,A
338,2021-12-21,15:08,3:08 PM,,,,,,0,0.0,0,A
339,2021-12-21,15:09,3:09 PM,153.59,153.56,153.59,153.56,153.562,111,17045.41,4,A
340,2021-12-21,15:10,3:10 PM,153.6,153.56,153.56,153.6,153.562,106,16277.59,3,A
341,2021-12-21,15:11,3:11 PM,153.68,153.675,153.675,153.68,153.677,3,461.03,2,A
342,2021-12-21,15:12,3:12 PM,153.71,153.685,153.685,153.71,153.696,838,128796.93,5,A
343,2021-12-21,15:13,3:13 PM,153.69,153.69,153.69,153.69,153.69,1,153.69,1,A
344,2021-12-21,15:14,3:14 PM,153.68,153.6,153.64,153.6,153.661,358,55010.84,5,A
345,2021-12-21,15:15,3:15 PM,153.65,153.65,153.65,153.65,153.65,100,15365.0,1,A
346,2021-12-21,15:16,3:16 PM,153.63,153.61,153.61,153.63,153.617,310,47621.2,3,A
347,2021-12-21,15:17,3:17 PM,153.55,153.55,153.55,153.55,153.55,1,153.55,1,A
348,2021-12-21,15:18,3:18 PM,,,,,,0,0.0,0,A
349,2021-12-21,15:19,3:19 PM,153.48,153.46,153.46,153.48,153.47,2,306.94,2,A
350,2021-12-21,15:20,3:20 PM,153.52,153.45,153.52,153.45,153.477,336,51568.41,5,A
351,2021-12-21,15:21,3:21 PM,153.44,153.44,153.44,153.44,153.44,85,13042.4,1,A
352,2021-12-21,15:22,3:22 PM,153.46,153.46,153.46,153.46,153.46,15,2301.9,1,A
353,2021-12-21,15:23,3:23 PM,,,,,,0,0.0,0,A
354,2021-12-21,15:24,3:24 PM,,,,,,0,0.0,0,A
355,2021-12-21,15:25,3:25 PM,153.41,153.38,153.38,153.41,153.41,101,15494.38,2,A
356,2021-12-21,15:26,3:26 PM,,,,,,0,0.0,0,A
357,2021-12-21,15:27,3:27 PM,153.55,153.54,153.54,153.55,153.545,100,15354.5,2,A
358,2021-12-21,15:28,3:28 PM,153.62,153.58,153.58,153.62,153.601,105,16128.06,4,A
359,2021-12-21,15:29,3:29 PM,153.62,153.55,153.62,153.57,153.604,289,44391.53,5,A
360,2021-12-21,15:30,3:30 PM,,,,,,0,0.0,0,A
361,2021-12-21,15:31,3:31 PM,,,,,,0,0.0,0,A
362,2021-12-21,15:32,3:32 PM,,,,,,0,0.0,0,A
363,2021-12-21,15:33,3:33 PM,,,,,,0,0.0,0,A
364,2021-12-21,15:34,3:34 PM,153.22,153.19,153.19,153.22,153.212,229,35085.57,6,A
365,2021-12-21,15:35,3:35 PM,,,,,,0,0.0,0,A
366,2021-12-21,15:36,3:36 PM,153.17,153.15,153.17,153.15,153.16,394,60345.1,5,A
367,2021-12-21,15:37,3:37 PM,153.16,153.15,153.15,153.16,153.157,56,8576.79,3,A
368,2021-12-21,15:38,3:38 PM,153.24,153.23,153.24,153.23,153.231,16,2451.69,2,A
369,2021-12-21,15:39,3:39 PM,153.38,153.22,153.26,153.38,153.296,228,34951.51,5,A
370,2021-12-21,15:40,3:40 PM,153.36,153.32,153.36,153.32,153.35,77,11807.96,4,A
371,2021-12-21,15:41,3:41 PM,153.21,153.16,153.21,153.19,153.184,387,59282.105,6,A
372,2021-12-21,15:42,3:42 PM,153.2,153.17,153.17,153.2,153.191,529,81037.925,7,A
373,2021-12-21,15:43,3:43 PM,153.31,153.28,153.28,153.31,153.298,364,55800.49,6,A
374,2021-12-21,15:44,3:44 PM,153.26,153.2,153.26,153.215,153.21,622,95296.88,9,A
375,2021-12-21,15:45,3:45 PM,153.23,153.2,153.23,153.225,153.204,120,18384.55,3,A
376,2021-12-21,15:46,3:46 PM,153.26,153.225,153.225,153.26,153.249,120,18389.85,9,A
377,2021-12-21,15:47,3:47 PM,153.3,153.22,153.22,153.3,153.27,319,48893.22,7,A
378,2021-12-21,15:48,3:48 PM,153.36,153.3,153.3,153.31,153.338,210,32200.93,9,A
379,2021-12-21,15:49,3:49 PM,153.31,153.26,153.31,153.26,153.281,275,42152.25,6,A
380,2021-12-21,15:50,3:50 PM,153.47,153.25,153.26,153.33,153.377,961,147395.67,15,A
381,2021-12-21,15:51,3:51 PM,153.45,153.41,153.41,153.435,153.436,78,11968.04,5,A
382,2021-12-21,15:52,3:52 PM,153.48,153.42,153.46,153.45,153.451,342,52480.09,10,A
383,2021-12-21,15:53,3:53 PM,153.65,153.5,153.5,153.65,153.578,848,130234.0,17,A
384,2021-12-21,15:54,3:54 PM,154.02,153.68,153.68,154.02,153.833,630,96914.8,13,A
385,2021-12-21,15:55,3:55 PM,153.98,153.81,153.86,153.98,153.93,1244,191489.24,21,A
386,2021-12-21,15:56,3:56 PM,154.01,153.98,154.01,153.98,154.0,46,7084.01,2,A
387,2021-12-21,15:57,3:57 PM,154.06,154.015,154.03,154.015,154.032,693,106743.985,13,A
388,2021-12-21,15:58,3:58 PM,153.99,153.89,153.99,153.9,153.935,1177,181181.395,22,A
389,2021-12-21,15:59,3:59 PM,154.0,153.87,153.87,153.91,153.926,1159,178400.47,27,A
